1,0.0035396171348739403
2,-0.02648356785679094
3,-0.04598613532986969
4,0.01655859340863144
5,-0.023332414297972857
6,0.004920031283325144
7,-0.018048858995986586
8,0.01832856863869118
9,-0.0239804622212565
10,-0.016851228685221653
11,-0.006692032609558082
12,0.024662968329951986
13,0.01223561163729806
14,0.022062288725247257
15,-0.02431364096037098
16,0.000784603754580441
17,0.012750173000347023
18,-0.020220691816216475
19,-0.033622267324949606
20,0.002800042473917959
21,0.03979171766269847
22,-0.012990911956799883
23,0.0033389412159461956
24,0.028504958260289592
25,0.0016823720461002873
26,0.015475848436646586
27,-0.004746400066042765
28,0.012021888274682521
29,0.04423190886741937
30,0.011647526144123264
31,-0.004042492238898145
32,-0.018479921316778374
33,-0.00585896650315414
34,0.014905557451676085
35,0.0057140978954034975
36,0.017475129576908666
37,-0.002837977831129328
38,0.017179982353660382
39,-0.0003237211801007376
40,-0.010674681331812323
41,0.015743708541102686
42,-0.006927005204694917
43,0.002456385171781885
44,-0.0026663320084112448
45,0.004238282520350843
46,-0.007365089888661561
47,0.0025083895221036647
48,0.0006552950673443604
49,0.029765097333605734
50,0.004615148455506113
51,0.004679291013248709
52,0.016002894215311297
53,-0.0014938919851989795
54,-0.013296050588800713
55,0.00396147292491638
56,-0.011342809244667691
57,-0.006787684952430461
58,-0.01405036451932533
59,0.003651112345077847
60,0.009377078643999621
61,0.002021460548783579
62,0.01452268513480191
63,-0.009140905308000056
64,0.004403298668070003
65,-0.006953105111983544
66,-0.010250937014871354
67,-0.0011428007462574823
68,-0.007933053148847645
69,-0.023456995399544323
70,0.002061083190942935
71,-0.007115081707413519
72,0.0030725978414440375
73,0.007899154877812837
74,0.011798157049979635
75,-0.005881720544181793
76,-0.005433821711296604
77,-0.004889740386317618
78,-0.0014862590324702658
79,0.012592128772418162
80,-0.00034600421181736434
81,0.010484035172665251
82,0.0018047041633153954
83,-0.014844124327344261
84,-0.02538275258551582
85,0.006841246317620229
86,-0.011155654670934134
87,-0.0002480221952708574
88,0.024640397196552314
89,0.009093376182726761
90,-0.0095789115875756
91,0.00854254484647478
92,-0.005894040198910014
93,0.004787336504904862
94,-0.0005097193609040091
95,-0.014211331536144872
96,-0.010938388342552278
97,0.013408801154160103
98,0.013161563684263442
99,0.0014826471142059005
100,0.00019491737671358705
101,0.005218125829455184
102,0.007488413757340741
103,0.004367526337417913
104,-0.0033297710758411845
105,-0.012014250688492538
106,0.004741474528175447
107,-0.018149506443345814
108,0.0022370924863335815
109,0.006478579126145902
110,0.0003306123488237639
111,-0.0015356426401317643
112,-0.009389887444090032
113,0.0034004320070667136
114,-0.014988742717729939
115,0.0054579771121256076
116,-0.012252212847719702
117,0.008788791238250831
118,-0.0032231269138503845
119,0.01736074927121342
120,-0.0023832351980193726
121,-0.013987039376613433
122,-0.009954412316890641
123,-0.02022934249268443
124,0.009017418881109294
125,-0.006645259527490549
126,0.00015653168048096542
127,-0.02119820765807573
128,-0.02172081286260285
129,0.011236825257921138
130,-0.05155473452425402
131,-0.008080964012150764
132,-0.01538166430067882
133,-0.02985856125965771
134,-0.01873146845049787
135,0.03456068022946634
136,0.010524553967138736
137,-0.0051163965573037635
138,0.009612657233039572
139,0.020846818025662787
140,0.002334063058912015
141,0.009119981188897935
142,0.017749140011820347
143,0.001539419870890112
144,-0.0018633223738038591
145,-0.005969003353255338
146,-0.004594971158788901
147,0.022081967630866072
148,0.01668078064558561
149,-0.0038292178621799327
150,-0.0020763528763209204
151,0.007513280709991535
152,-0.017544037162177645
153,-0.004616756579340324
154,-0.0006865795509879742
155,0.020148006760514137
156,-0.006702905129453926
157,0.0004669400368780889
158,0.01335631730286256
159,0.0068356874825995515
160,-0.028497716642531548
161,-0.012642107186147417
162,-0.003082685101431548
163,0.023582992772974418
164,0.007189044262902209
165,0.013399856325754335
166,0.015922025777651505
167,-0.0010063870209459725
168,0.0016082451637622042
169,0.004604962131453752
170,-0.004546357600323822
171,0.021744842358755834
172,0.0025242744248576018
173,0.003574060035748951
174,-0.004528317137093474
175,0.013141660924661241
176,-0.007339940254400689
177,-0.007109041979213457
178,0.016510398411382615
179,0.0032981352720164287
180,-0.004144486561587192
181,-0.01827580121568323
182,0.009728623216743545
183,-0.0019000177855589533
184,-0.006506665387802968
185,0.01602739957400414
186,0.020230624377505516
187,-0.0005172668458620729
188,-0.0069467069322334315
189,-0.017034256330682795
190,-0.003524598193723213
191,0.0023892148553422885
192,-0.01925931931450935
193,0.007589817229336007
194,0.007790588977124774
195,0.006358905815998149
196,0.00671494619883586
197,-0.009663533101541336
198,0.0059010986278329415
199,-0.001670023663983743
200,0.005907087780647905
201,0.0060374710885592545
202,0.0013375212202919712
203,-0.013990696104311732
204,0.010089136677781729
205,0.012012030683734447
206,0.007779161000886807
207,-0.006771629840730473
208,-0.003587757162462931
209,-0.00481237990684392
210,0.004406059285610682
211,-0.009500712696330167
212,-0.006591015524051498
213,0.007414171927460514
214,-0.019964149548291003
215,0.007418636495062917
216,-0.005453326448695487
217,-0.006162541122339498
218,0.005123880609678939
219,0.005037268016129424
220,-0.00032542383585346514
221,-0.00025233841753001453
222,-0.0289222191862485
223,0.014100925679304314
224,0.011617489346396863
225,-0.005283273024795056
226,-0.023536358780707662
227,-0.0061519292810339
228,-0.00491529811650862
229,-0.006517030597301888
230,0.01935426871981545
231,0.012679713677553939
232,-0.0038290960474650047
233,0.010897832503580859
234,-0.0017800728384491878
235,-0.010431214548926057
236,-0.018133938990236582
237,0.016002114416139065
238,-0.020852128545600347
239,0.012623505451395999
240,0.016197764680850647
241,-0.0014844561215952346
242,0.0041896803708077884
243,-0.004852957950911758
244,0.02472721241375978
245,0.01740338737534877
246,-0.0017129195684560026
247,0.012111212228133538
248,-0.0018532960455020465
249,0.004632826843422756
250,0.00044821639192787804
251,0.0009659099630313725
252,-0.010110834552384138
253,-0.00070349934841325
254,0.010294321531938188
255,0.00037602714504169396
256,0.007304843044854042
257,-0.016701134997359538
258,-0.001639885121583238
259,-0.0026215216680741515
260,-0.013622408780018313
261,0.003274741051131888
262,0.006447013729872048
263,-0.0026483310176496104
264,0.002784408039781085
265,-0.008076817460915592
266,-0.008258299002591304
267,-0.003846637510261951
268,-0.0017451426913259343
269,0.00019265036853514754
270,-0.006468890208561867
271,0.01151464881838997
272,-0.02392605348079947
273,0.005595005036279231
274,-0.007529656119136936
275,0.02194896298334254
276,-0.0012422825821390253
277,-0.004919932750596196
278,0.0035178098572386735
279,-0.0159817401932411
280,-0.0053146613607173016
281,-0.010972712722404371
282,0.0006040332493587409
283,-0.019937859942717906
284,-0.006325424948178848
285,0.008935306812343592
286,0.010495523645217756
287,-0.004049895548760051
288,-0.01092505779204596
289,-0.01989229928370803
290,-0.00545640314842011
291,0.036561781493692845
292,-0.01220004824413943
293,-0.018682721109828392
294,0.02004522560693762
295,0.02111436337243016
296,-0.006142161246592152
297,0.007824990709984311
298,0.006115294451941044
299,-0.010769914899556737
300,-0.010662109849544878
301,0.004331487080006938
302,0.011801569658037461
303,-0.012476766555976099
304,-0.0070536766358864945
305,-0.007632791670453005
306,-0.0014256128893698227
307,-0.0007863322725555939
308,-0.026883500806569226
309,0.002902595047496597
310,0.007636530342082218
311,-0.020889138010167965
312,-0.0027824092436602066
313,0.004174988223585114
314,-0.01870815656395555
315,0.006099847233842463
316,-0.011895967503846777
317,-0.0006926375103950773
318,0.022460964365997267
319,0.00048125925375681704
320,-0.018895293597729478
321,-0.01165608676351387
322,-0.017356046541408435
323,0.005322736362775764
324,-0.024352244713058097
325,0.0007088192681536748
326,0.013839429000538283
327,-0.0016736380525456005
328,-0.020067019829521894
329,-0.02215987993868771
330,0.005458185059416713
331,0.03563865925583109
332,-0.01185824250482617
333,-0.027033816893202733
334,-0.03484097488533141
335,0.008255234300716788
336,-0.011185779475824834
337,0.00012389874324229128
338,-0.020397885412026116
339,0.0032394491134839607
340,-0.03297762416788415
341,-0.0359094531733659
342,-0.03289753190959553
343,-0.02848791673392383
344,0.059303362819848764
345,-0.007342711128957821
346,0.018588041518069698
347,0.04453686472221718
348,0.014301420527172306
349,0.004438906004024797
350,-0.03136860035729765
351,-0.02225699353564637
352,-0.03288447758409441
353,0.02942215153701943
354,0.01941255492772385
355,0.033164599310822024
356,0.004280660205375437
357,-0.005805302520897507
358,-0.021245042598680396
359,0.03945112604896992
360,0.014583448582862809
361,-0.003805578254283139
362,0.02408551704236468
363,-0.011515076950590133
364,0.015288397880510328
365,0.011219881507818311
366,-0.022675613048339475
367,0.008151045232797756
368,-0.014095097576724497
369,-0.01888397566133437
370,-0.00036508565602350106
371,-0.004270170967322281
372,-0.03943839113580502
373,0.014542189363990404
374,-0.013373747511668482
375,0.014495848296582316
376,0.01200123074795341
377,0.009081362133327053
378,-0.0057968213887517875
379,-0.019872726794998553
380,-0.0011150923369664455
381,-0.0007871951034071047
382,-0.02399956409264086
383,-0.011981590493164907
384,-0.02316181004711944
385,-7.43533506241561e-07
386,-0.012305176361609639
387,-0.015204353162188801
388,0.022555793013740104
389,0.016215834623767557
390,-0.03310649638740994
391,-0.013340272534130728
392,0.046046716633112966
393,-0.0312748659963074
394,-0.011505811227086894
395,-0.016627189560696348
396,-0.02733331513175288
397,0.01740112984768256
398,-0.02632761385657917
399,0.031502183069231214
400,0.040276413699273254
401,0.007222694994101979
402,0.05036240746895739
403,-0.02419644272506243
404,0.018655202224658798
405,0.005809343499672005
406,0.016549229363553773
407,-0.006942234875282162
408,0.008128742991406193
409,-0.02099361429704035
410,0.020465200950229835
411,-0.005263982965969099
412,-0.011734702529753232
413,0.010119906239205717
414,-0.007473386018108592
415,0.018739714452025415
416,0.00902013396824327
417,0.008492967088868443
418,0.010837622436822979
419,-0.02344555872674016
420,-0.011120465002448449
421,-0.015723396150632535
422,0.005498413917309587
423,-0.0028328987602013753
424,0.02369641659939821
425,0.00719485177714332
426,-0.009831240242306204
427,-0.0025535711119492647
428,0.012011454890232205
429,0.02951406184993448
430,-0.005928175713075439
431,0.003245667822574172
432,-0.02207483812631743
433,0.027263702075379603
434,-0.005215415508159677
435,0.0038431093907574463
436,-0.01276636090514649
437,-0.004837925603786912
438,-0.0119098766633642
439,0.007798672488739089
440,-0.028557381567723857
441,0.01256832283315144
442,0.002928095495155403
443,-0.002277654144871762
444,-0.01664244732789746
445,0.02041332727457466
446,-0.009183000802993887
447,-0.012146883660630959
448,-0.009068784214619305
449,0.01159120992443507
450,0.002223582124523737
451,-0.008561701171542783
452,-0.0017280083438992798
453,-0.023149768073121857
454,0.007518326021616723
455,0.0016105779681165893
456,0.031025220021146938
457,0.002354454369075544
458,0.01864845846917689
459,-0.0062739907943184965
460,-0.011711629278113174
461,0.015721568489042322
462,0.0013807315652886601
463,-0.00027414423253558945
464,0.0006004220238383884
465,-0.010445203210401491
466,-0.005910507024457672
467,-0.009560636527466955
468,-0.019203641453805424
469,-0.012730640884566555
470,0.006836030505560489
471,-0.028351742491166503
472,-0.015960551984009252
473,0.008239034600765843
474,0.006947121045287804
475,-0.02438243327319775
476,0.018546501658984887
477,-0.0008008732727634157
478,-0.011331593253416844
479,-0.006745677561874209
480,-0.012295833007699826
481,-0.00512300358616662
482,0.003381272115326954
483,-0.006803003995840229
484,-0.016630815427542002
485,-0.00022582608103854148
486,0.019714114479023583
487,0.01959430492445957
488,-0.008378673924879306
489,-0.009893632868693488
490,0.010754408781625863
491,-0.019880222174801433
492,0.010561819928764116
493,-0.015223353741512635
494,0.011453278064476642
495,0.006744538632218168
496,-0.01092737895134572
497,-0.016496172822858843
498,0.00787490413911168
499,-0.010382521234484781
500,0.0069664393189939455
501,-0.03056806360665805
502,-0.010782167378234996
503,0.005202125333325803
504,0.031743375252202964
505,0.0013631409010904944
506,0.032482700917279124
507,0.005919401218879265
508,0.006816284975370608
509,0.0025329599643349326
510,0.019848834678484785
511,-0.03334264803419429
512,0.009402377778735444
513,-0.007414052083068551
514,-0.0012583477685594161
515,-0.003551457950032901
516,-0.023145508991991245
517,0.012897154109258561
518,0.02359419562473523
519,-0.0038492520690091197
520,0.0039036422136720685
521,-0.0008076988640796681
522,-0.001253641771871674
523,-0.013266817995185125
524,0.007802235729073809
525,-0.0036137766452785606
526,0.019905935313831755
527,0.006725929210866211
528,-0.0170757233645708
529,0.01482343311639682
530,0.0001527072123005739
531,0.01928913127836655
532,0.006919916236426954
533,-0.008849089945134093
534,-0.011372517649952783
535,0.015565461221625504
536,0.0027639876687758132
537,-0.0015190555470507936
538,-0.0006853384810956207
539,0.012584852168632065
540,-0.0019214378739828893
541,0.00820840884597644
542,-0.006064209934597549
543,-0.009432611899181995
544,0.012986707995667512
545,0.011624826822821847
546,-0.002277506780046133
547,-0.002317937612936657
548,0.0060957804663203715
549,-0.0025689937510430735
550,-0.023815661623662998
551,-0.004539632306385432
552,0.0018875234754217427
553,0.007084816242765562
554,0.001724938211402106
555,0.01709225178767272
556,0.0024050989878858006
557,-0.002987468345713536
558,0.01519735024363014
559,0.0036192081483752917
560,0.0026649036052296985
561,0.015337166308688376
562,0.004321431717308143
563,-0.0030319332780014557
564,-0.011435094393691711
565,0.008945494030526172
566,0.01019919812488894
567,0.0029565626543685544
568,-0.011416541479278057
569,0.017213560931074092
570,-0.00029919375930390253
571,-0.0014939439116296565
572,-0.015828664813555236
573,-0.003427385318219421
574,-0.01087648111523376
575,-3.139994669085905e-07
576,-0.011564321267992249
577,0.010816734353267117
578,-0.011282764375847142
579,-0.001489488961768619
580,0.007174651721195971
581,0.011045429663160706
582,-0.011365254967988287
583,0.019289142591279895
584,0.004210959898139175
585,-0.006621706664881783
586,-0.01288106934543945
587,0.008098523597813224
588,0.0037283700161229293
589,-0.0026744650968595724
590,-0.0053623842334455316
591,-0.015093773613995734
592,0.008931055525961962
593,-0.014354158069728697
594,0.00839193252707839
595,-8.635452084948102e-05
596,-0.008422064882040746
597,0.01557933759412869
598,-0.004048507806785121
599,-0.005174675552190495
600,-0.0038113156436081733
601,0.0018596092104135814
602,-0.009182329979831323
603,-0.0006577504128376984
604,-0.02211230912652303
605,0.0034283743272491
606,0.008482593253296263
607,0.0015663543606877993
608,0.003459968874260871
609,0.008187731582587348
610,-0.005855392153440209
611,0.0029259898335658122
612,7.590423660420033e-06
613,0.008877299394919354
614,0.0030208123484426423
615,-0.0036115965369743885
616,0.00276403641926069
617,-0.00985607074957196
618,-0.000620858966487792
619,0.002353914684683003
620,-0.0006097499469578605
621,0.004637114706044838
622,0.005152766490561925
623,0.01512267804157338
624,0.004134067476592428
625,0.0005330266096822445
626,-0.0057634751508328155
627,0.007155095916419503
628,-0.00777226198828683
629,-0.00961081150362695
630,0.0006633225071622298
631,0.0021779911786498885
632,-0.009106096575329655
633,0.0136498369041179
634,-0.0024874281829621644
635,0.01086553846440098
636,-0.0050794646864147225
637,-0.011624281316171384
638,0.0028764982736598256
639,-0.019293073895641763
640,-0.010174992207411564
641,-0.004607336741556162
642,0.007670507607893746
643,-0.011584982026781335
644,0.020060427270231256
645,0.0029073893689367876
646,0.007903989681315952
647,0.004086763443327685
648,0.0030771287433457033
649,-0.003097054048316592
650,0.0027870104983890288
651,-0.0016708547614886346
652,0.006568079215302825
653,0.0026298379998260027
654,-0.0034125625078445226
655,0.004030641254772611
656,-0.011552930885179587
657,0.006089140799228604
658,-0.0014660819543567986
659,-0.013337767699147424
660,-0.0038741604825977567
661,0.0004513686466368744
662,-0.000987386428887016
663,0.011674784186173123
664,0.001468975872070644
665,0.0014303118125002811
666,-0.002009602735716529
667,0.006332151939565659
668,-0.002993324645553388
669,0.000944782981873796
670,0.004994677314316789
671,-0.007931053827683035
672,-0.004700220245379616
673,-0.004277853898525479
674,0.01092429501213653
675,0.000573604863142498
676,-0.009170379665014543
677,-0.005774043967370259
678,-0.011699245953302281
679,0.007054632550157284
680,-0.010079411985380204
681,0.0027283682060922653
682,0.010580381748351193
683,0.0036523540045038114
684,0.0028830512205713717
685,0.0012904745805731588
686,0.009429835410114778
687,-0.002572816130380568
688,-0.0019030653866013948
689,0.003079874073253712
690,-0.007251264394501472
691,0.005798743511752801
692,-0.007956959990857916
693,0.00023823354717164254
694,0.010485944257336073
695,0.0014325323121184173
696,-0.010079961320109736
697,0.004625892707890355
698,0.0022321448966570756
699,0.010563352001033973
700,-0.003479362313535946
701,0.006682587569704846
702,0.00016179010113198482
703,-0.0012744206073227581
704,0.0009317099835162668
705,0.012527349582641631
706,-0.0001995294609156759
707,-0.0003790273292214979
708,0.0009505064923409806
709,0.00955612970357291
710,0.0012827626742802113
711,0.0031682355921632786
712,0.003299616830739386
713,-0.00852765870896921
714,0.006784691563096706
715,-0.006224638147297128
716,0.008385621665058043
717,0.0016935097099046179
718,0.004267249062111418
719,-0.0008985915074279858
720,0.006852499322999874
721,-0.001657703241992943
722,-0.004634494503678845
723,0.013443148862271513
724,-0.010337145768879204
725,-0.012242128771716912
726,0.00042018564464373846
727,-0.0007016510813367735
728,0.0027841950507280825
729,-0.0011981218059853123
730,-0.010033487728668775
731,0.0009710515921581625
732,0.010382393375977428
733,2.156233453525847e-05
734,0.0018261851130016017
735,0.010388041828668855
736,-0.0036377665388674426
737,-0.0047844086004636185
738,0.009158041589321991
739,-0.005700512935497798
740,-0.0028661363566756448
741,-0.003235917192454858
742,-0.003531373388000333
743,-0.001958692395065177
744,0.003285605237287468
745,-0.0010992173992199848
746,-4.0914227214913085e-05
747,0.009284606863745654
748,-0.005431465863619195
749,0.0005991621818540264
750,0.002874356921880897
751,0.0030098628039421428
752,-0.012822417738099147
753,-0.0043144354837401765
754,-0.01759871904426485
755,-0.015179306593117337
756,0.012220002741122995
757,-0.012138374171522278
758,0.003418607513991561
759,0.009262830318971682
760,-0.0003241448381607312
761,-0.013959045799898682
762,-0.013936429426379123
763,-0.002823139821374044
764,-0.0018990429706660086
765,0.012980421704814064
766,-0.000577275582200707
767,0.009482781668607752
768,0.003586227290076892
769,0.0010913622285482925
770,0.005276197187673174
771,0.007573053583397168
772,0.005481376704579608
773,-0.002834329705009779
774,-0.0028799912800344246
775,-0.0024780947054118077
776,0.0030222759575969666
777,-0.013226183252453555
778,0.0007443706118377187
779,-0.0050257339761054206
780,0.007231460305467458
781,5.2360559601293574e-05
782,-0.017820556008762367
783,0.005284793398164261
784,0.01226577555040441
785,0.0018682004959894465
786,-0.0017976497274230594
787,-6.178043067357286e-05
788,-0.013073912810494286
789,-0.009812533416693553
790,-0.007929786886516974
791,0.008557609734744934
792,0.0013354120774842402
793,0.0016887537224475266
794,-0.007560962336791948
795,-0.01712577869334074
796,-0.012266977537811323
797,0.006855769669610693
798,0.005667715612210059
799,-0.005097441870035555
800,-0.00047264653974710407
801,-0.009536547008811454
802,0.0034378097785342484
803,-0.004416608696314311
804,0.0029746551884801903
805,0.001225391822017276
806,0.0028171821328050435
807,0.013090076035858583
808,0.004115531517314866
809,0.0058775185839872275
810,0.00037479773629760574
811,-0.002164445877940624
812,0.004142884853994103
813,-0.008542422361943268
814,0.006737545943159777
815,0.014873625927208005
816,0.002353970659630358
817,-0.009161166685820404
818,0.0041732159963779655
819,-0.0099061083070495
820,0.006723440991886756
821,-0.0006693719608251971
822,-0.0013960765206146694
823,0.0022129200168429005
824,-0.004859847861250725
825,0.005072899921759357
826,0.00795035838370428
827,-0.0028595440580488833
828,-0.005618717233498129
829,-0.006982180736906741
830,0.0035795441032515896
831,0.004444327371933648
832,-0.014244298048973932
833,-0.0009141618907143648
834,-0.010574574501656176
835,0.001968922202312851
836,-0.007412085504313195
837,0.0006443164531207607
838,2.099077215482806e-05
839,-1.0828858655473925e-05
840,-0.0033180824548135297
841,-0.008863733898933693
842,-0.0009035463801295098
843,-0.00445721565794967
844,0.011164553884470295
845,-0.01954051111433004
846,0.0027866893067675707
847,-0.009337619227030646
848,-0.003759845986411096
849,0.008451107367997828
850,0.002329648593033176
851,0.003792547682163875
852,0.0031047865662885378
853,0.0005985059392447444
854,-0.00695143598190738
855,-0.0009289228325700547
856,-0.016908912452732707
857,-0.014160723849268234
858,2.8813775938952234e-05
859,0.00942396061946182
860,8.948800403151935e-05
861,-0.011509547111590981
862,0.0012824802785105704
863,0.008883069335818419
864,0.005803041189552257
865,0.010129781391258547
866,-0.0030891775223226667
867,0.006100305112801317
868,-0.0013104388637730385
869,-0.00013209643035186618
870,0.007546159410405676
871,0.0007291740050935253
872,0.003696260488976141
873,-0.0074314219457947426
874,0.005163079349503222
875,0.0014916793504726102
876,0.011682814692746799
877,-0.003391668149743031
878,0.0070765026734110285
879,-0.0026882979459155335
880,-0.0010893934539332848
881,0.005061966578515293
882,0.005324941318903954
883,0.0017855485085378304
884,-0.0077573074697744535
885,0.003690978350755779
886,0.003168917971118815
887,-0.004721904695218753
888,0.004406638336833965
889,-0.012250200650838775
890,-0.005997815121119219
891,0.0035852280433213814
892,-0.010660380809007644
893,0.004487464714572377
894,0.0038116356003041986
895,-0.0011459874103045549
896,0.01653226580728554
897,0.00207268376715665
898,0.0007151145521446573
899,0.006162053732707026
900,-0.008765499771062666
901,-0.008800860484218053
902,0.0035258048327604266
903,-0.0035014454107117616
904,-0.009200556451676752
905,-0.008453843701517529
906,0.0038776595349176283
907,0.0030079681813488697
908,-0.008719861577705214
909,-0.0020197473632786725
910,0.00458856718619234
911,-0.011119640137034984
912,-0.0015750587278951199
913,0.014812549489350289
914,0.011812850247522013
915,0.0028929445910437445
916,-0.00046667134466279027
917,0.003215684777340174
918,0.0009934161862678917
919,0.012440094145098736
920,0.014716641146961468
921,0.006050687822493697
922,-0.0008710000115350558
923,-0.0006965224687865906
924,0.00041664094916633767
925,0.008103351528459935
926,0.008697297742885862
927,0.00196518257730234
928,-0.00595072388478511
929,0.004794455411052048
930,0.0022657991249529805
931,-0.010859114623005425
932,0.006042468691179498
933,0.001525662356388572
934,0.0028470288544684384
935,-0.0006412171958137034
936,-0.00399146060215962
937,-0.0004818936157130017
938,0.011740135930070743
939,0.0013360146011344824
940,-0.0007062550503809407
941,0.000938793537215563
942,-0.00977108147541945
943,0.005905519513192178
944,0.003485776164450161
945,0.0021068581957473156
946,0.009257902796238867
947,0.003968393362168232
948,0.001104975050514159
949,-0.00010499931979050944
950,-0.007462122872269317
951,0.0011308675271796387
952,0.007696735309437264
953,0.0029513068657602438
954,0.0011139155354057016
955,-0.00901445143157883
956,0.005877609694125211
957,0.0014521776914308915
958,-0.0016322158220850708
959,-0.0027636474581973682
960,-0.005100937675464179
961,-0.0126849748025844
962,-0.0068314472356162705
963,0.003294673883107918
964,-0.002457059902566146
965,0.004372395311203176
966,-0.007296330634932139
967,0.0031693613226314765
968,-0.008871449927499199
969,0.004701218210657525
970,0.010057489425889809
971,-0.011612436293176896
972,-0.006619411252432918
973,-0.007600642851613544
974,-0.0022052033450199607
975,0.0013162851948976448
976,0.0026335297428215975
977,0.0009808465549248596
978,-0.003304191102542822
979,0.00829666690165439
980,0.006111621936891323
981,0.0032547220096557565
982,-0.0022592715059388153
983,0.010396693949445406
984,-0.0010155656995585825
985,0.0013579991407160611
986,-0.007403915993166838
987,0.004589301806149081
988,0.0072217053224389455
989,0.00019942666274562384
990,0.004889259341048877
991,0.00020867927404244035
992,-0.00783069138114647
993,0.000853597198941978
994,-0.014530190487728729
995,0.006552861237227617
996,0.005595277220808134
997,0.00993576990609799
998,-0.006537249141129992
999,0.005595258146068794
1000,2.6092316480569202e-05
1001,0.00041254596046153425
1002,0.01206486739520501
1003,0.001406598198795865
1004,-0.003908628398553941
1005,-0.010252740953044747
1006,0.0022631559798676304
1007,-0.007305662663338954
1008,0.005339727502236256
1009,-0.00867177609054505
1010,-0.009585590439649589
1011,0.0015708662665305313
1012,-0.004767117358892382
1013,-0.0038288842750439046
1014,-0.011509683577190954
1015,0.0007068925114566082
1016,-0.0007385505906205617
1017,-0.004983442595516004
1018,-0.007036065008855869
1019,0.012754665892397727
1020,-0.0029105667685974603
1021,-0.005592576768396984
1022,0.0020574351633699303
1023,0.0030151961757747575
1024,0.004441218721456861
1025,0.004517257913242538
1026,-0.010052007659773944
1027,0.0008813823148415026
1028,0.00546159491237366
1029,-0.012071467235004693
1030,-0.013317239929346077
1031,-0.015236962200542385
1032,0.0018279885123829468
1033,0.006886545281970667
1034,-0.01494764552559279
1035,0.01881814882324007
1036,-0.004014857324803725
1037,0.006191988624815285
1038,-0.010099068926867674
1039,0.0032015505490279803
1040,-0.013421757789283012
1041,0.013527472875474882
1042,0.004486447462703635
1043,0.0026846801123157293
1044,0.007292835078318212
1045,5.851299028710149e-05
1046,-0.0019397579877758614
1047,0.006135953158991737
1048,-0.010105512495088663
1049,0.006405462629688855
1050,-0.011098676007314314
1051,-0.0021963965569712605
1052,0.008694234274628945
1053,0.006557470421669469
1054,0.011002755510007779
1055,0.0042841261034604955
1056,-0.0008062902729721462
1057,0.00545530304206659
1058,-0.0016452671674566342
1059,-0.0013771121956957684
1060,0.0060468265310881985
1061,0.0021719474459566666
1062,-0.0062970123592526635
1063,0.009584320997756133
1064,0.0024098888895285153
1065,-0.005559827887758812
1066,0.0006390864059285208
1067,0.0004314379061395073
1068,-0.0022014117835729013
1069,0.004270051438272063
1070,-0.0013823894993192018
1071,0.003848914546734325
1072,0.0018667915628649587
1073,0.0021050422164238794
1074,0.0035145251006635228
1075,0.004043998057945539
1076,0.000932676279616185
1077,-0.002575885540218947
1078,0.0013333664758634189
1079,-0.013417090999329244
1080,-0.008460377261783546
1081,0.0009085962746654645
1082,0.008208502243730115
1083,-0.0030373747836671236
1084,-0.006816064626993209
1085,0.002877569603344926
1086,0.007583752526600978
1087,-0.008368311529875097
1088,0.0026895599296732674
1089,0.011738739872165286
1090,0.0052304657670788415
1091,0.0027298721134913183
1092,0.002479974495156365
1093,0.003129043289930399
1094,0.0010015760481580246
1095,-0.0031991381356200987
1096,0.005487023713993455
1097,0.003940752639575889
1098,-0.004965858667743985
1099,0.006592549476006366
1100,-0.002028913257318779
1101,0.0012906593054077499
1102,0.003677988492291966
1103,0.007343739907739145
1104,-0.006404424717819354
1105,-0.0008699385800916539
1106,0.006790022277565991
1107,0.002626931014238731
1108,-0.007332663618109439
1109,-0.006657931904399461
1110,-0.0026401558845337895
1111,0.005545414748968285
1112,0.00037032645844750167
1113,0.0024847445501536497
1114,-0.0061699885286264815
1115,0.005662890191658603
1116,-0.012444110895940157
1117,0.0007378397954481479
1118,-0.001797074796874382
1119,0.0015635458503315313
1120,-5.83629062727893e-05
1121,-0.002468462910303766
1122,-0.008647293476443618
1123,0.0023416784702116585
1124,-0.0074271998797473355
1125,0.007756303251161268
1126,-0.006285851469494025
1127,0.0123371954990142
1128,-0.0007869943033599018
1129,-0.0029874028192452156
1130,0.013703037659523323
1131,0.003407738198980983
1132,-0.0030233525651763367
1133,0.008938520205182295
1134,-0.0014552170186207343
1135,-0.004531551445284699
1136,-0.0033097177269742995
1137,-0.0012385985631464124
1138,0.007484022231626395
1139,-0.0028694708512072738
1140,-0.008543629356284022
1141,-0.008464926962922054
1142,0.00371116471983933
1143,-0.0005424438521547738
1144,-0.004095171622703222
1145,0.0009929015295248819
1146,-0.0009703801891500968
1147,0.007293280696955307
1148,0.002618446789688123
1149,-0.003995355117283696
1150,-0.010592809353249364
1151,-0.014620795575820697
1152,-0.00404413417355045
1153,0.0034968285641434004
1154,-0.009725784713859926
1155,-0.0010524814524855318
1156,-0.008247356000974933
1157,-0.0012396229237467932
1158,0.008648224234680838
1159,0.003226735647414072
1160,-0.011714139568923157
1161,0.016366913363957666
1162,-0.016973609538441032
1163,0.0022338858837511097
1164,0.016002026057765684
1165,-0.002523008446606566
1166,-0.0026194394611602743
1167,-0.010559831928635126
1168,0.013466935292816175
1169,0.004967301794272652
1170,0.0009873565918357657
1171,0.010266364293624198
1172,0.0054297130113563265
1173,0.00048693757404784626
1174,0.0008082481664667883
1175,0.0006939499742797194
1176,0.0009012249388111038
1177,0.009946706210953553
1178,0.003252676149206246
1179,0.0004105266835928641
1180,-0.004213445239860755
1181,0.0031447816919797453
1182,0.00784166621877157
1183,0.004774536318678372
1184,0.007102286703065219
1185,0.004148718886293611
1186,0.006329898484847739
1187,0.0012893841597128447
1188,-0.005833767356163861
1189,-0.00017331009217489617
1190,-0.0064655241973132
1191,0.01099514182211037
1192,0.0020194926828215943
1193,-0.0026861728785979385
1194,0.00212375347657863
1195,-0.004489797319072799
1196,-0.0017051275098729723
1197,0.0020941520608980663
1198,0.002186413108149558
1199,0.006223878226613172
1200,0.004794781641675796
1201,-0.003504000976836391
1202,-0.002253696243622145
1203,-0.005641455323968773
1204,0.0013937395722818141
1205,0.0017217857910564998
1206,0.004270729735715174
1207,-0.002932090211085348
1208,-0.01064094593477532
1209,0.0017423846076457996
1210,-0.005216548187215877
1211,-0.005649235136529263
1212,0.01669437738268968
1213,0.004853746791465711
1214,0.0011389451296940811
1215,0.008801279114640329
1216,0.003129495617750595
1217,0.0018249114571424817
1218,0.0035716068610145042
1219,-0.004098609065853037
1220,-0.0006426137562352592
1221,-0.0018883242263078226
1222,-0.0035356929631401115
1223,0.004712980988269732
1224,-0.017856203100614094
1225,0.003324667473455961
1226,0.0004557752399654873
1227,0.0001841058292644278
1228,0.005604077598476619
1229,0.008797473985282748
1230,-0.000627890725029614
1231,-0.006677636702581028
1232,0.007179645643017723
1233,-0.011324600499402588
1234,-0.005435970804243168
1235,0.0019816666398749364
1236,-0.011162931147602265
1237,0.01054987606702537
1238,-0.001642665458184834
1239,0.00209023189188644
1240,-0.0020484623721063674
1241,0.009659488430722517
1242,0.0037165657235185873
1243,0.008151442598994765
1244,-0.001345086834371719
1245,-0.0022357188240365094
1246,0.005893732302408197
1247,-0.0005510990424559557
1248,0.002994487423282124
1249,0.0016859574528315826
1250,-0.009151564764400074
1251,0.008909125638858477
1252,-2.5760714692480108e-05
1253,-0.0028389893084999947
1254,-0.00513271222329288
1255,-0.0015635597533454428
1256,0.002016084672592106
1257,-0.006277418468091573
1258,0.007784833119828865
1259,0.002404496677806086
1260,0.01011032411816427
1261,0.005093780213720669
1262,0.0025785786966444502
1263,0.001974011584850741
1264,-0.001370674343710169
1265,-0.005523884632041191
1266,0.006112539951428753
1267,-0.0011077047982287775
1268,0.0009333964295398682
1269,-0.004720765039356501
1270,-0.005750329186115782
1271,0.006379342926129115
1272,-0.0009465807403302213
1273,-0.0015762075723664828
1274,-0.00044354596932507403
1275,0.006622884521953195
1276,0.0038395126708037903
1277,-0.0014756353640309034
1278,-0.008887627737250008
1279,0.0012516587521421907
1280,-0.008958832066290537
1281,0.0007818912485020993
1282,-0.0009606243874916853
1283,-0.0021069496882951877
1284,0.01573429020998242
1285,0.002319617115367598
1286,0.0016726372766869384
1287,0.0004416900608276386
1288,-0.00038074553701807296
1289,-0.0036560305202199264
1290,0.00020919922630163268
1291,0.00429051384158138
1292,0.00402586295092647
1293,-0.006715836052137338
1294,0.007788430758066243
1295,-0.003804147669604286
1296,0.004688568837632547
1297,0.009226525174173163
1298,0.00024077780943802037
1299,0.0023925001653750592
1300,-0.00053175892239481
1301,-0.011694679224681698
1302,-0.012564644133398853
1303,0.00146575112546565
1304,-0.002574904157543052
1305,-0.01959547832034281
1306,-0.0056854394783122245
1307,0.006413582306174978
1308,-0.007846569311546061
1309,-0.0077766217016776076
1310,0.006491279367802372
1311,0.01158300665107427
1312,0.00515180742884481
1313,-0.017598757693649766
1314,0.010895358614022304
1315,0.009953511409492423
1316,0.0019549069171461435
1317,-0.014166670323800088
1318,-0.0032888005260112174
1319,-0.00698346590373951
1320,-0.0007274970416672946
1321,-0.0037492689455013504
1322,-0.012829020927504682
1323,-0.011007314738252796
1324,0.0071876732386566555
1325,0.0203668679361245
1326,-0.006127754571893412
1327,-0.008963671769181086
1328,0.0032850103591659154
1329,0.008317156088194715
1330,-0.0052518071771014896
1331,-0.004643596627726641
1332,0.004441691267371221
1333,-0.008578931332745442
1334,0.0071835737135162924
1335,0.01968076315479349
1336,0.0012281574687528847
1337,0.004712860947871778
1338,-0.005516641334142549
1339,0.002446470100715393
1340,-0.005110588039615568
1341,0.0010763391410071026
1342,0.005401832778605447
1343,-0.009635396679301099
1344,-0.016467169744910172
1345,-0.00412233080433179
1346,-0.0024920022490020326
1347,0.004692426236025386
1348,0.013233478726319145
1349,-0.006593877421838258
1350,-0.006228314847438966
1351,0.01679399351052926
1352,0.004214736918868147
1353,0.002391911586116928
1354,-0.0007833290475494039
1355,0.01061919251944844
1356,-0.0007820138593708873
1357,-0.0033744805173006633
1358,0.0065984042110802926
1359,0.0023371545856320304
1360,-0.0011451169245736523
1361,-9.845711340761222e-06
1362,-0.003240440685958191
1363,-0.0036909802076851824
1364,0.004057277665025908
1365,-0.0018814694067745856
1366,0.0007592234420827419
1367,0.011263478765577137
1368,0.009444098656130362
1369,0.0025061163206567833
1370,0.00612467689383603
1371,-0.0028223871652740475
1372,0.0005726785135446421
1373,-0.002107763856652881
1374,-0.00023929422048489925
1375,0.0016905711177855193
1376,0.0053469582920241425
1377,0.0020727726702234155
1378,0.0014123923161290632
1379,0.00023407608236300406
1380,0.006894286416028999
1381,0.003202992203012843
1382,-0.008192626343920244
1383,-0.0038349777676266626
1384,0.0020692976798314484
1385,0.001200110797795122
1386,0.009529120922967895
1387,0.004972878027072404
1388,0.0012043559189710835
1389,0.0032995732408132887
1390,0.0020082700349358415
1391,-0.001596980992445352
1392,0.005519301085435716
1393,-0.003294870023250316
1394,-0.002434014700258339
1395,0.0077540591381227335
1396,0.009538085621332345
1397,-0.0026551694879208745
1398,0.0010044918510710341
1399,-0.0009721112770274628
1400,-0.0031567031637194784
1401,0.0026769485551396545
1402,0.01248032083149994
1403,0.0026539977925298087
1404,-0.0007090096874241332
1405,0.001750593529276668
1406,0.002381490591177023
1407,-0.0007777323140260233
1408,0.010309561734682454
1409,0.0031587091297253064
1410,0.00266621388335997
1411,-0.0025041950982701688
1412,0.002611680710404252
1413,0.001971689263568131
1414,0.001274245458891269
1415,0.005810156494921011
1416,0.0041218120606534795
1417,0.004704370504717323
1418,0.0033066133695306868
1419,-0.0045073247865597445
1420,-0.0002477832344173976
1421,0.0006498068318135825
1422,-0.006702353607393886
1423,-0.0011223050113634662
1424,-0.0014696553358235754
1425,0.01166535975495343
1426,0.004335817632644108
1427,0.0026714463640135086
1428,-0.004055015101964905
1429,0.0017801484105347564
1430,0.002900691132054394
1431,0.008094916465660563
1432,0.0035792226303552523
1433,0.003862346878310634
1434,0.0012647028420287006
1435,0.001630922549829
1436,0.0018357767585887082
1437,0.0029963216819798347
1438,-0.003126207366103059
1439,-0.012927716675862734
1440,0.004152913165286123
1441,0.010507667914005751
1442,0.001507246506824861
1443,-0.0016042548643562205
1444,0.008491163317834765
1445,0.004831384443035413
1446,0.00022877782526659225
1447,-0.0030257646887748638
1448,0.0017494182680899647
1449,0.004065641283254992
1450,-0.0005425370610496468
1451,0.0021992620436161554
1452,0.008872665006031174
1453,0.000915445022802688
1454,-0.0011170426219078685
1455,0.0019434284860267628
1456,0.001229583438162722
1457,-0.007626898132457324
1458,-0.006674206053452956
1459,0.005603416494655746
1460,0.0061888183971274754
1461,-0.0009811416688387882
1462,-0.0029511231815189712
1463,-0.0023738438475935306
1464,0.0026159629589847435
1465,-0.007754307869317846
1466,0.003790163366966248
1467,-0.0007810184086430726
1468,0.0026512020540799437
1469,0.005441647990837069
1470,0.008038017460484393
1471,-0.001140321354668651
1472,0.000735399982319824
1473,-0.0023472461819899443
1474,0.003084132257303822
1475,-0.002880049623765998
1476,0.00393210373279717
1477,0.007723784372754394
1478,-0.010048992222941594
1479,-0.0009683582712870744
1480,-0.000599411849589371
1481,0.005115438893090062
1482,0.006877168568428408
1483,0.006804548638011108
1484,0.0018754605569020017
1485,0.0024374861545677293
1486,-0.0003411340571587689
1487,0.003269095161010814
1488,-0.0009149605541721426
1489,-0.006047349149000086
1490,-0.002305443807695114
1491,0.00796388824243965
1492,0.0072733094873156864
1493,0.002496862031965467
1494,0.001185729118880914
1495,0.002316501590087873
1496,4.71829964934367e-05
1497,-9.909718365627338e-05
1498,-0.002516584517364496
1499,-0.00043449767132471267
1500,-0.03820660593923059
1501,0.009304212820491039
1502,-0.0038582644822633995
1503,-0.01270356565662303
1504,-0.011570514216410801
1505,0.0171355478301099
1506,-0.0021050967309285892
1507,0.008780184912788026
1508,3.9241332335776384e-05
1509,0.002307435955159003
1510,-0.019310348951986654
1511,0.007377954527404142
1512,0.0005724813039838228
1513,-0.0030114035400730698
1514,0.012373342433196235
1515,0.006108280001653396
1516,0.01717663731028033
1517,0.0007580548277229016
1518,0.0021603885668712007
1519,-0.00550161434125564
1520,-0.0023681503891372657
1521,-0.006049546104435488
1522,0.0013774091374093409
1523,0.0016685954743743893
1524,0.0006842200363651722
1525,0.011309981368614063
1526,0.0010907006557116926
1527,0.004590937811704469
1528,0.0021770181179599944
1529,0.0020342482979364696
1530,-0.0040773642397726
1531,0.006493050241900399
1532,0.004265702259310989
1533,0.01087027813882158
1534,0.003249467689795273
1535,0.003226145053920909
1536,0.0001485623204894842
1537,0.009757297334285162
1538,-0.002619765819344866
1539,0.0018021855969905009
1540,0.009729437880486356
1541,0.00211710292926158
1542,0.0009150114129645318
1543,-0.008218677888336856
1544,0.0031836306190817405
1545,0.0073992255213941125
1546,0.005309774824262358
1547,0.00570625782205289
1548,0.0011684645828124482
1549,-0.0006181243915515243
1550,0.0041399103853005555
1551,-0.010211355761483836
1552,0.009425535531691277
1553,-0.0008526600615891916
1554,0.00026125055115700836
1555,0.008296438233405676
1556,-0.0011310197037377458
1557,0.00941934549308243
1558,0.001047603550028049
1559,-0.0007730149920191032
1560,0.0015546021385229346
1561,-0.007512425243941377
1562,0.004559390610991307
1563,0.004289706805535499
1564,0.008523970759832267
1565,0.00030971017663184233
1566,0.00529335686758245
1567,0.0018676146726936513
1568,-0.0023593648771059604
1569,-0.009896540899229879
1570,-0.018048566432734444
1571,0.012880659073511873
1572,0.002008685278524869
1573,-0.010759941888342903
1574,0.01552066936598092
1575,0.006521116564528185
1576,0.006121689793305752
1577,0.000453631721336092
1578,0.0027611897384462757
1579,-0.013327609139537198
1580,0.006180021098118815
1581,-0.010056564457529185
1582,-0.0023762369672389334
1583,-0.01016503989447526
1584,0.014171924060406748
1585,-7.45621264818355e-05
1586,-0.004807161883636432
1587,0.010157135267894208
1588,0.0046718867538523105
1589,-9.320249204669171e-05
1590,0.0057039407157712906
1591,0.0007079553190430811
1592,-0.013152641469366568
1593,0.008100663714929105
1594,0.017914005502409458
1595,0.002876748763857284
1596,0.0008821578949929952
1597,0.00039585241142574474
1598,-0.0001158360784323958
1599,0.004218456588751775
1600,-0.008076925575686424
1601,0.004178138898795188
1602,-0.017125154079929702
1603,0.001948398478623264
1604,-0.022393484648245005
1605,-0.02110630165541449
1606,0.015114506943900756
1607,-0.0139507925317655
1608,0.005280989812949444
1609,0.007937944239298778
1610,-0.02562268226071619
1611,0.016888936821264824
1612,0.010012640882816143
1613,0.014747517878421327
1614,-0.02921961714484373
1615,-0.004867038321650831
1616,0.0038945801498412357
1617,-0.014079294976724013
1618,-0.015235604551665331
1619,0.008904470798421932
1620,0.016547965497657847
1621,-0.0012878766093114796
1622,0.0011418735418059908
1623,0.013747832002927042
1624,-0.0007274557229790955
1625,0.013105860319707549
1626,-0.009194330931192065
1627,-0.020131225959172244
1628,0.020934279582023263
1629,-0.0031456463007091514
1630,0.00929096643489771
1631,0.013590896862212086
1632,-0.008616017569991039
1633,0.0035450564778458458
1634,-0.012878166857919895
1635,-0.0031448755986437406
1636,0.012746522891760714
1637,0.0030263616709682003
1638,0.00805758490187695
1639,0.0015052228955234432
1640,-0.0045328756868673785
1641,0.02933300254112595
1642,0.006849805163977837
1643,-0.003785981829200195
1644,0.0021325266718119186
1645,-0.0004803103774775955
1646,-0.0006089991710104455
1647,0.0021628217124229124
1648,0.00638387687506627
1649,-0.0015911574513460618
1650,0.011314701332424138
1651,0.0006343118666827896
1652,-0.001040716774847739
1653,0.002031654625962316
1654,0.013690597710431424
1655,-0.004377276607518205
1656,0.01085653066371801
1657,-0.0009062123592439391
1658,-0.003056326870041921
1659,0.006183313310722952
1660,-0.007989574346916854
1661,-0.006300980114141532
1662,0.0036796346658806104
1663,-0.0037306888669112305
1664,-0.02392062177452531
1665,0.0035581625391178035
1666,0.00858399769551064
1667,-0.0021317708792499323
1668,0.003501785911780287
1669,0.011183822619781939
1670,0.003984504983314344
1671,-0.006751854490932002
1672,0.013283960135840609
1673,-0.023874698774868055
1674,0.001125089295706568
1675,-0.00768060201504243
1676,0.014127913761406291
1677,-0.026020351751004582
1678,-0.005827185801381994
1679,-0.013896161696692524
1680,-0.009428751712514638
1681,0.029066600671384002
1682,-0.002597434603716129
1683,-0.01358316363391083
1684,0.0035604880665691917
1685,-0.014722334450061516
1686,0.005260547146133857
1687,-0.020294664715622156
1688,0.017661732405167913
1689,-0.022052263846148876
1690,0.013280647772224652
1691,0.03134426637621983
1692,0.0016610311374297628
1693,0.009761625995266292
1694,-0.005435787274400691
1695,-0.006905963549677754
1696,0.01869263769181584
1697,0.014521150945824384
1698,0.00034394044719840856
1699,0.01046168748116625
1700,-0.024948911322689733
1701,0.0073694808089948705
1702,0.0022171766392438635
1703,-0.013825242943679693
1704,-0.012564478987224265
1705,0.006640764073570931
1706,-0.0008086067501947769
1707,0.00733387558373554
1708,0.013670103489398188
1709,0.008217359136898732
1710,0.004557532745657507
1711,-0.015689829399231733
1712,-0.002876529434566809
1713,-0.005236632098812547
1714,-0.011995518426805555
1715,-0.0012371012705414534
1716,-0.02403546053288385
1717,0.004675616050687987
1718,-0.018383458026499593
1719,0.013297693685853405
1720,0.00717345272118489
1721,-0.0119212042595256
1722,0.010221120816951632
1723,-0.024400740531478105
1724,-0.006219957518769423
1725,-0.028201603896566785
1726,-0.005481321703300809
1727,-0.011980718986193989
1728,0.021332368305849298
1729,0.00850914168129766
1730,-0.014635759313561553
1731,0.017457825287218252
1732,0.005658367976996528
1733,-0.004319792217412328
1734,0.014752415137160173
1735,0.016224095804199985
1736,-0.009036970104665507
1737,-0.02989799935018276
1738,-0.0073874599935717005
1739,0.007843958974223532
1740,-0.004128298964460962
1741,0.006309979201282758
1742,0.007931847610635093
1743,0.012907277725495034
1744,-0.011434184684859692
1745,0.0010350269102392586
1746,0.0006030615930104157
1747,0.008208831304960928
1748,-0.011004631412317568
1749,0.008741160804840595
1750,0.013012493758698992
1751,0.00866055678795861
1752,-0.00018507266627936468
1753,-0.0073437093159639715
1754,-0.02411576024533705
1755,-0.00018763210197451355
1756,-0.004319369501740501
1757,0.007815214795943756
1758,-0.023134107717742342
1759,-0.007847769675041244
1760,-0.014402523645308982
1761,0.03502845001385117
1762,-0.007524582433537438
1763,0.005053408463965346
1764,-0.01983417506420842
1765,-0.010159731390355455
1766,0.042569338783278995
1767,-0.022196307676014347
1768,0.02173346968353832
1769,0.018041017745533846
1770,-0.0009043028310651235
1771,-0.0132880231270971
1772,-0.004300431740606276
1773,-0.007508120591114257
1774,0.005387889860214306
1775,0.037622060323845366
1776,-0.0007975552202660629
1777,0.0026483838332628535
1778,0.0027840816961203886
1779,0.0015489264225209422
1780,-0.002052270355318877
1781,-0.007052328027872182
1782,0.004856885750137322
1783,-0.018200539658645248
1784,-0.0032194697513563486
1785,0.006012645759166093
1786,0.020897926591212857
1787,0.0027093487687654028
1788,0.019935436226733546
1789,-0.0005274919370285925
1790,-0.006237374173816812
1791,0.002427261118602525
1792,0.007559507559393971
1793,0.008612247412848878
1794,0.0003369588923344724
1795,-0.002858490116219164
1796,-0.0031797723477051706
1797,0.019170105944474335
1798,0.004071768251071288
1799,-0.003589547448904947
1800,0.009501224079602794
1801,-0.016723932719399967
1802,0.004197700742569248
1803,-0.006181363339130594
1804,0.011567896623060877
1805,0.0004975757934108825
1806,0.004860093686451046
1807,0.012433674494411724
1808,0.001810682022431493
1809,0.003147300968368329
1810,-0.0068315517138098705
1811,-0.015719388881973988
1812,0.001527441003178315
1813,-0.011493576391347135
1814,0.006912475350808455
1815,0.005176545121714834
1816,0.005170008786362214
1817,0.0014601872121604784
1818,-0.00916889952286928
1819,-0.00485259156255318
1820,0.0003650615824057899
1821,0.018241849572226316
1822,-0.02961058110441777
1823,0.001735560428759236
1824,-0.003596579984956956
1825,-0.017227629382628833
1826,0.005076547006777075
1827,0.015452563139549283
1828,0.00010826977066507795
1829,-0.006683378299537474
1830,-0.007827312682743922
1831,0.002671295007412087
1832,-0.017656151873241623
1833,-0.0001403068505049617
1834,-0.0075626498718368304
1835,0.005840190391058106
1836,-0.02960453651652766
1837,-0.0022922698227243925
1838,-0.000850770991482928
1839,0.0044044146397459625
1840,-0.018290397925281525
1841,0.000501533616611525
1842,-0.008348433942547983
1843,0.016589046310644572
1844,-0.02226740451793305
1845,0.007374717747318309
1846,-0.01088145282949089
1847,-0.009821829855013314
1848,-0.01222614669475189
1849,0.02392831618263417
1850,0.01255672411886059
1851,-0.00020411142610243663
1852,0.001863223772654061
1853,0.013037633547194763
1854,0.005430968986571879
1855,-0.02112161920428275
1856,0.0022373685115960255
1857,-0.015525707495981656
1858,0.021282248214903567
1859,0.01800303677611984
1860,-0.011685248346326903
1861,-0.005046672505397483
1862,-0.008675570155383559
1863,0.02827410428220113
1864,0.006297508303750128
1865,-0.015814430515522726
1866,0.02170196193756125
1867,0.009104182752875457
1868,-0.00944061149934533
1869,-0.00279963920970695
1870,0.006086760010499145
1871,0.004970516658020812
1872,-0.012478533825878836
1873,-0.00942965902179924
1874,0.005924992969615385
1875,0.002473433203501121
1876,0.01248975967057424
1877,-0.01772043104610964
1878,0.002235711806320687
1879,0.008579172002567196
1880,0.014618040470364921
1881,-0.011456405267435982
1882,-0.004166141713922034
1883,-0.0006324226752909122
1884,-0.030804947765420018
1885,0.004565573261230455
1886,0.020471410015306855
1887,-0.03373233811528386
1888,0.004411453830668661
1889,0.014935834322602983
1890,0.0024623084193583114
1891,-0.043108579141492215
1892,0.011489942708258389
1893,-0.04691623146120297
1894,0.035888079785966566
1895,0.04155845657049059
1896,-0.03434826138128571
1897,-0.017955775752936432
1898,-0.0006310826811534539
1899,0.01458639793748499
1900,0.001639317450461789
1901,-0.07420746989098088
1902,0.038225414292250216
1903,-0.008385090564176354
1904,-0.03801767657283881
1905,-0.013352249809438768
1906,-0.03463327529151758
1907,-0.05990518376410789
1908,-0.02162658363174069
1909,-0.06807765936431713
1910,-0.006624662753189331
1911,0.10038625982279684
1912,-0.010226290134771481
1913,-0.0932610464511415
1914,0.041805584680286625
1915,-0.007769599149146096
1916,0.04637454599328269
1917,-0.033030114709367356
1918,-0.05578633459958735
1919,0.007042777270631405
1920,-0.040470735895195155
1921,-0.034443231296165666
1922,0.10976433329936568
1923,-0.020982651127757827
1924,0.03578103027923726
1925,0.017443575584816913
1926,-0.0042884387727449525
1927,0.03778788472317338
1928,-0.04731732881367285
1929,-0.05159772483132823
1930,0.024970710488211003
1931,-0.008676308173728414
1932,-0.024895489981072917
1933,-0.049316341257004674
1934,0.06709841455697402
1935,-0.044118600580554376
1936,-0.02707209757930203
1937,0.00785709546672282
1938,-0.05769843730414475
1939,-0.06781782357823056
1940,0.056375563658804514
1941,0.052804457361650715
1942,0.01418096378015438
1943,0.032382212600332326
1944,0.008911463392923221
1945,-0.08743330776767702
1946,0.03750541522326798
1947,0.02364334194313708
1948,-0.0308100769120616
1949,0.035258877417182796
1950,0.03362428442870299
1951,-0.018556552087483618
1952,0.009931893459866102
1953,-0.025948049601736686
1954,0.004871350083028
1955,-0.01101389962132636
1956,0.049270970115829954
1957,-0.009832946820929151
1958,-0.018330301333069683
1959,-0.0029284078346631915
1960,-0.013558872683958653
1961,-0.012489813065320966
1962,-0.0018772977769499041
1963,0.005963702709948827
1964,-0.0019332532865759177
1965,0.02118886906132928
1966,0.012852625439819467
1967,0.03220393228454534
1968,-0.002058278275098495
1969,0.006516476383845898
1970,-0.02914903365863182
1971,0.004424439470454954
1972,-0.021756605179891454
1973,-0.02296164662262075
1974,0.0003836905602021553
1975,-0.0322044899122854
1976,0.0014237042036640605
1977,0.005254632604828114
1978,-0.05347404257026801
1979,0.04254249980233663
1980,-0.015093507399012449
1981,0.0014211011850726795
1982,0.007289953753437133
1983,0.009397258540576376
1984,0.03298555710450099
1985,-0.032484720223243876
1986,-0.020986627189156608
1987,-0.003514477156814133
1988,0.014348670569254153
1989,-0.004708168099089001
1990,0.014984944891670965
1991,0.027769578726471993
1992,0.002644589480565875
1993,-0.04696858848025737
1994,0.005889748679789056
1995,0.0011914167783723764
1996,-0.011946758335802271
1997,-0.04454782900062003
1998,-0.002688947318852309
1999,-0.011107119116506229
2000,-0.010638603247543248
2001,-0.03606620754380273
2002,0.036230437265586064
2003,-0.010238922062427526
2004,-0.016404002277762134
2005,-0.021666450668163362
2006,-0.047354839449350455
2007,-0.010089542097324548
2008,0.02425667473011612
2009,-0.04253518144670477
2010,-0.0014568169558861282
2011,-0.012372646527415581
2012,0.06016150863992363
2013,0.0038732453029459175
2014,0.039640631439325176
2015,0.007102231038399981
2016,-0.0029066441142318535
2017,0.029314846198715553
2018,0.020312524294394146
2019,-0.011652588834194505
2020,-0.021845972656633034
2021,0.07233654991014803
2022,-0.01950825101310715
2023,0.001114818835049086
2024,0.02084711277060399
2025,-0.01837392976788325
2026,-0.03453478269498089
2027,0.007490101898100494
2028,0.019594455572177934
2029,0.028706173052978984
2030,0.009217490831672998
2031,-0.008457382403667864
2032,-0.02334602039268044
2033,0.010586414226645567
2034,0.03969051208136516
2035,0.0012073210015086013
2036,-0.017640894899259234
2037,0.010475465290990303
2038,0.015103235295511571
2039,0.00593744724174726
2040,-0.041041153063358184
2041,0.019147561413452162
2042,-0.007129314887782616
2043,0.008610292013866502
2044,0.014300205444131851
2045,-0.008861625756347663
2046,-0.0036115819574978137
2047,0.020078206110815632
2048,0.0009056015546676587
2049,0.003986186777989949
2050,0.034347798360980245
2051,-0.004188161560527729
2052,0.016931823406875122
2053,-0.01446437840475335
2054,0.023336304677192613
2055,-0.019698891389716002
2056,-0.002391531564962992
2057,-0.024629058275742664
2058,0.005837631708350445
2059,-0.008792491501437457
2060,0.027244894900979012
2061,-0.0016397564412044497
2062,-0.00682920110063752
2063,-0.015953014066878
2064,-0.0031993544812514278
2065,0.025242468277153377
2066,-0.019441341552122248
2067,0.01260744242768701
2068,0.017604753421211573
2069,0.02317938227008257
2070,0.0009784174116879785
2071,-0.01299451774393834
2072,0.008506744608726441
2073,0.00015267210805186982
2074,-0.004606319074161243
2075,0.004308365970913533
2076,-0.00308561765197858
2077,0.004108311075628246
2078,0.003024002565933318
2079,-0.023358425559022147
2080,-0.014008751236516053
2081,-0.003416324253162434
2082,0.0041078538445346886
2083,0.004476472810529979
2084,-0.031432211278975414
2085,-0.006234904457678282
2086,0.006486497103016639
2087,0.0197614153177635
2088,-0.004586552312155887
2089,0.008973685223870806
2090,-0.007812415084742997
2091,0.001649815138709109
2092,-0.029314898055731772
2093,-0.0012893630925938375
2094,-0.02149253148037117
2095,-0.002356739862324867
2096,0.0002832866987791953
2097,-0.004855087063198496
2098,0.022263827435760115
2099,0.004935998294506392
2100,0.027359607844766386
2101,0.008251693274907261
2102,-0.00019093066683017253
2103,0.008334674110078455
2104,0.004012816789052599
2105,-0.0002684589887197885
2106,0.021328057781122955
2107,0.003675433627076616
2108,0.001372005221601887
2109,-0.0037067227562540663
2110,-0.005646299672052263
2111,0.009496390773777705
2112,0.0014243609794667138
2113,0.014293608232959732
2114,0.002258382249832277
2115,-0.003687215963322171
2116,-0.005414063280591348
2117,0.011644910362647228
2118,-0.0022326104045959473
2119,-0.01403636469219562
2120,0.00959760423705448
2121,0.00661405810373735
2122,-0.009264026510805663
2123,-0.025742240283222518
2124,0.007848670585684218
2125,0.005871721285181071
2126,0.00808536034577085
2127,0.0184459764618494
2128,-0.0008701004877192995
2129,0.0014432136359448454
2130,-0.0012975485584654752
2131,0.0022122776727835688
2132,-0.0012462924471491072
2133,-0.009833966664791121
2134,-0.02348044759338829
2135,-0.005581163223315668
2136,0.006416960700739126
2137,0.012901057406040957
2138,0.00764427637432911
2139,0.006726105997232888
2140,0.00911418251362276
2141,-0.00040065576011506625
2142,0.004670473852704279
2143,0.0017025213595133178
2144,0.014298233288682452
2145,-0.002064604512648538
2146,-0.0003309251057325227
2147,-0.0038712782253156803
2148,0.004531858010738679
2149,-0.013565219352765777
2150,-0.012855853113763895
2151,-0.006002840349684533
2152,0.01500255379586043
2153,-0.004133512105802547
2154,-0.004464289730547012
2155,-0.027074734149341785
2156,-0.007010095770290154
2157,0.012529975286619945
2158,0.012269861580428374
2159,0.001525695903286951
2160,0.006286741492114141
2161,0.004839704080363073
2162,0.003580855569261855
2163,-0.002589862778634219
2164,0.015974091084890042
2165,0.002437717846357606
2166,-0.008361292843875167
2167,0.0074698374716002216
2168,-0.005704366174923341
2169,-0.010777599285988213
2170,0.008669902209027965
2171,-0.012034604332838258
2172,-0.013384238587272859
2173,-0.005978666422609741
2174,-0.021237585822507055
2175,0.018639784874407407
2176,-0.029741143203232238
2177,0.003784570227076863
2178,0.0009740040027608541
2179,-0.0009549105576484784
2180,0.017355486489284394
2181,0.0017425689934687637
2182,0.020967683772927848
2183,-0.001179375914363033
2184,0.0043951597885849335
2185,-0.011254332273001693
2186,0.004593691097653825
2187,0.01275818382795157
2188,-0.00017167631622958326
2189,-0.0011671630116653203
2190,-0.014310928115082595
2191,-0.003469218605211698
2192,0.011007009814318779
2193,-0.0005358144581084057
2194,0.0026593563647438127
2195,-0.01645752058518837
2196,0.0013008233867380717
2197,0.00976728945984721
2198,1.6605031177967158e-05
2199,-0.00930835764841563
2200,0.003855925259424934
2201,-0.0029736683507633464
2202,-0.011664215578513194
2203,0.0011028356635218632
2204,0.0038788162887875574
2205,0.0027244586932143084
2206,0.0056124795735442625
2207,-0.005709747233021179
2208,0.000806746494002804
2209,-0.013686965021085015
2210,0.004075663193522465
2211,0.007651378098930581
2212,0.0031249584169591713
2213,0.001773534712569541
2214,-0.0011568523940875342
2215,0.0012754343018430104
2216,-0.001998397377920764
2217,-0.0014714953649357645
2218,-0.010370765230554687
2219,0.015155451559963473
2220,0.002075330496421686
2221,7.432649138477867e-05
2222,0.0035314671279057294
2223,0.002683467461721699
2224,0.0006921591264272396
2225,-0.009925689481087548
2226,0.00676625555755536
2227,0.0019519481941935963
2228,-0.0119039726700363
2229,0.010659658197149372
2230,-0.010598880575564396
2231,-0.021230085037513384
2232,-0.02407617143215879
2233,0.0026603409499380086
2234,-0.006452324906582899
2235,0.0031294617340011785
2236,-0.013969888885553974
2237,-0.013318064553960927
2238,0.01363845982634417
2239,0.010918223118980832
2240,-0.006380926168069218
2241,-0.03226818645409227
2242,2.6630484922166367e-05
2243,-0.010081228992577573
2244,0.011166176165050147
2245,-0.0040984442178730925
2246,0.008769989356196457
2247,-0.001581730793642069
2248,0.014202311036539725
2249,0.003655056076427409
2250,0.005578503196338235
2251,0.0013105473009621203
2252,-0.0007710124787335561
2253,-0.01313981705802608
2254,0.008107304526174242
2255,-0.0015615507619846135
2256,-0.000977158877634025
2257,0.00980910700039852
2258,0.002137482462236126
2259,0.0007269123113671547
2260,0.002163429168108594
2261,0.013981558726308812
2262,-0.00014303837810814804
2263,0.0007343723433301152
2264,0.003988620114978184
2265,0.003942313482204101
2266,-0.00038788418393123907
2267,0.00021661572943039692
2268,0.0077400312655666785
2269,0.00511968359803056
2270,-0.0007784714006566462
2271,-0.006089052244141259
2272,0.0047354393420691926
2273,0.006775066061047421
2274,-0.005239703797815169
2275,-0.0071985342506594024
2276,-0.0003990474140437495
2277,0.004650637298375718
2278,-5.750705417953037e-05
2279,-0.004351361727710176
2280,0.006361819603829914
2281,0.00732532982900769
2282,0.0017124062974175455
2283,-0.005570614426552874
2284,0.00229572613320471
2285,0.0060242439022695484
2286,0.001663984535894789
2287,0.000726330504852636
2288,0.01070493110419978
2289,0.0008409314614918438
2290,-0.015850027291183854
2291,0.001955235979136439
2292,0.008317190287342568
2293,-0.002168445131978306
2294,0.0022180449210563594
2295,0.005935920791725441
2296,-0.0036927666692015085
2297,-0.023844854599953766
2298,0.005756577373452193
2299,0.010952645486323766
2300,-0.0169279852766367
2301,0.01135078763961901
2302,-0.023806326257054235
2303,-0.0077215322376108925
2304,-0.036028800335895894
2305,-0.017889035191424884
2306,0.042770340573806125
2307,-0.004356318047733242
2308,0.012530894066933179
2309,-0.012994980798080029
2310,-0.018869304959415932
2311,-0.0013337659295057113
2312,-0.01426003562173193
2313,-0.007351186359906047
2314,-0.03905454454199215
2315,0.01151720630702652
2316,-0.013847605755512669
2317,-0.0007514358974771091
2318,-0.008225379110165684
2319,0.03237666661343826
2320,-0.014267864584664995
2321,-0.018477425162833593
2322,0.024310534156921998
2323,0.0022973112908799003
2324,-0.03611501696236619
2325,-0.013843661574051192
2326,0.00802065890099963
2327,-0.006743792092775818
2328,0.02841022176817986
2329,0.002960466888670132
2330,-0.0015179382132706823
2331,0.02151816836887741
2332,-0.0007473180106461259
2333,0.0013265442600290489
2334,0.0006941809707976509
2335,-0.003380630326190787
2336,-0.01648270925003239
2337,-0.008571984162580202
2338,-0.016775941570559436
2339,0.002936584427771718
2340,-0.004865036573711078
2341,-0.03146927142229969
2342,-0.012293062033430639
2343,-0.004601767162221642
2344,-0.007852773299657504
2345,0.004891587226675714
2346,0.030046900909501448
2347,0.008384690302564377
2348,0.006409803591740104
2349,0.0004398751847910276
2350,0.014298426473276563
2351,-0.0005870007879543996
2352,0.00010320961244937056
2353,-0.027909057358903352
2354,0.005539706631792723
2355,0.010364687905256072
2356,-0.01318186782197258
2357,0.02099581922237572
2358,0.008272838911865666
2359,0.010760428093142949
2360,-0.0006055993265350869
2361,-0.006752133964124305
2362,-0.005012361597838266
2363,-0.0001226469182154631
2364,0.021410704869601505
2365,-0.005009550360762261
2366,0.007039388612956227
2367,-0.0011611772719767651
2368,-0.004215913448673356
2369,0.005100155707825975
2370,-0.004895833132915384
2371,-0.027907036558389695
2372,-0.0076427376427791755
2373,-0.0040452928564231865
2374,-0.0015037981198516423
2375,0.010943751611729413
2376,0.0009017174396052369
2377,-0.01763055867704296
2378,-0.00492169095066603
2379,-0.004832200927062456
2380,-0.01555084557268124
2381,0.0019788085250927708
2382,-0.0076785894747424845
2383,0.014157008416044673
2384,-0.01545031109823004
2385,-0.0002724689595900438
2386,0.027503229578048183
2387,0.009002785140478047
2388,0.01259312701055449
2389,-0.010806702438601233
2390,0.005947489793066713
2391,0.004544186823635423
2392,0.005850038503001635
2393,0.011172340692782563
2394,-0.000614470268170052
2395,0.0038638575825526767
2396,-0.0005276782773348472
2397,0.00033230586787618376
2398,0.016262503233190395
2399,-0.0023584718107871718
2400,-0.004549924155527
2401,-0.008337487365595858
2402,0.013995875481605717
2403,-0.004384684785657848
2404,0.00447545985906082
2405,-0.002472633956910516
2406,-0.0028055244962317868
2407,0.004000596744175445
2408,-0.007592458583558478
2409,0.018813049976273536
2410,0.00036892044227643413
2411,-0.0007628857665055289
2412,0.005540055298204451
2413,0.0014105115449808817
2414,0.0034655328147666408
2415,0.007536877963648063
2416,-0.002337806517632928
2417,0.0012896145172528145
2418,0.004712271706425235
2419,-0.012664534280494006
2420,0.008830123006555257
2421,0.0027020342688868146
2422,0.0023889037754648403
2423,0.0026674610093264535
2424,0.0008737265704433912
2425,-0.0027593552902319147
2426,0.0007886490405856686
2427,0.0003436726046867534
2428,0.00032128473115642503
2429,0.008018922796692541
2430,0.004814505891440614
2431,0.018445337947731684
2432,0.00432694918555248
2433,-0.0017841308769411617
2434,-0.007313358708129609
2435,0.0039325670751262165
2436,-0.0036338598480103613
2437,-0.01190097742363608
2438,-0.0017303726756454753
2439,-0.01642678293898383
2440,-3.76154857010258e-05
2441,0.013955261866579645
2442,0.0016306951836202728
2443,-0.0010630643549160023
2444,-0.014933908031262018
2445,0.014121933025512541
2446,-0.011259636665511205
2447,0.0017466656823990675
2448,-0.00692790822219909
2449,0.020780402000935706
2450,0.012711386422348132
2451,0.00292479237686672
2452,-0.0010019894830141842
2453,0.0008557324916504413
2454,0.0038505381007721672
2455,0.004635320283606737
2456,0.005895718219000553
2457,0.0006248277165583487
2458,0.001234204403687047
2459,-0.00424378946812763
2460,0.005175862963545631
2461,0.0016084359504060053
2462,0.002044407394616286
2463,0.0063884870950101
2464,0.0036380773113683716
2465,-0.005994890547302808
2466,0.000610649040008489
2467,0.001256125114115313
2468,0.0011385845955935387
2469,-0.001294431232176574
2470,0.00010308621442828628
2471,0.0100241356767821
2472,-0.00048531420274914845
2473,0.00481576223790158
2474,-0.0017850856956787963
2475,-0.0018764036921350953
2476,-0.0010283407323067608
2477,0.0032465573347553634
2478,0.009132819669226242
2479,-0.0013395697329562678
2480,0.006189466064178896
2481,0.0027514521505153516
2482,-0.010390676970976762
2483,-0.0017825497132385672
2484,0.0017574045110227065
2485,0.005551545404560698
2486,-0.000311388960371232
2487,0.00417338857255005
2488,0.0024348617684285894
2489,-0.01823848141499215
2490,0.006781450876102116
2491,0.015463321827787696
2492,-0.0019862262734526353
2493,0.002022985701930554
2494,0.0029727254244609996
2495,0.006425729701822265
2496,0.004991369712229128
2497,-0.002487228014662836
2498,0.0004210149611625775
2499,0.005942127636930261
2500,0.0024196640729044596
2501,-0.002847158590866345
2502,0.00609739447795071
2503,0.003254770845886881
2504,0.002051897783468142
2505,-0.019797744660370216
2506,-0.007091384309579888
2507,-0.0018060903512569846
2508,0.00897039231407123
2509,0.005690440220709196
2510,-0.016875557215981156
2511,0.0003479595572618392
2512,0.016265564297108584
2513,-0.007428703925165102
2514,-0.00810073888245832
2515,0.007286245001411662
2516,-0.0018536449228225183
2517,-0.01885973044739062
2518,0.006365601079182982
2519,-0.007697683748563326
2520,-0.012291651779333139
2521,-0.0200423608279268
2522,0.011186068719090461
2523,0.002765175493431211
2524,0.014649463083876072
2525,-0.0041173325271288
2526,0.0023733306899322783
2527,0.009373391685971736
2528,-0.001811404206109209
2529,-0.002373237284116583
2530,0.006634184985595443
2531,0.006668057981841876
2532,-0.0015446966719144888
2533,0.004581479446098577
2534,0.0013492842407443481
2535,-0.0010426605940818622
2536,0.002964093994253074
2537,-0.002296200105842053
2538,-0.003632510495344383
2539,-0.003234107952061647
2540,-0.00810944494483989
2541,-0.0009482550522127703
2542,-2.8077106449799004e-05
2543,0.0034173617277303363
2544,-0.012600497519684893
2545,0.004468365856466357
2546,0.01372382354188179
2547,0.00438722585752903
2548,-0.000733165318366987
2549,0.00858724949655292
2550,0.006479861208558983
2551,0.003589834368702029
2552,0.0027248593220455626
2553,-0.001788186957876567
2554,-0.0038309234138179217
2555,-0.006852636284346105
2556,-0.008958205724150951
2557,0.003163673450381657
2558,0.0038714107262129934
2559,0.008491357147584328
2560,-0.01030550728521776
2561,0.0038742466605484515
2562,-0.007870100338072956
2563,-0.007082369739865835
2564,-0.0010675708473907417
2565,0.007383973626982527
2566,0.0013932957670318331
2567,-0.007776750566047028
2568,-0.01282802391373119
2569,-0.0012568017222310199
2570,0.0019051447468339776
2571,0.004138008605481241
2572,0.0034189547790896033
2573,0.009156112361516082
2574,-0.02210259996900601
2575,-0.0023822941336349808
2576,-0.010699068056339621
2577,-0.011542786806523058
2578,-0.001829260601511029
2579,-0.004985294437727231
2580,0.0065392573844993696
2581,-0.01432950669488398
2582,-0.0001053249624794469
2583,0.011773422151320755
2584,-0.018223341689274912
2585,0.0007331258855099746
2586,0.00226286320830307
2587,0.004704797039259386
2588,0.012844220327062915
2589,-0.0062743447766968104
2590,-0.007736807588913527
2591,-0.012067405118832596
2592,0.007275418402424944
2593,0.012471194971992132
2594,0.00918941236761694
2595,0.009308540672880405
2596,0.014733998499622711
2597,-0.00025309679455813247
2598,0.0011212896605154715
2599,0.011349595324162336
2600,-0.007370898455499379
2601,-0.017275580188275796
2602,-0.005204990087759563
2603,0.003518057539285823
2604,-0.006394966128791269
2605,0.005583887274397068
2606,-0.008646678786141606
2607,0.016282307935086476
2608,-0.0006241622264438709
2609,0.013526344522393126
2610,0.000762670604799996
2611,-0.004874885330042618
2612,-0.0038797103056033484
2613,-0.020288395685809337
2614,-0.0037766507823674745
2615,-0.007452213554944275
2616,-0.005634613848510362
2617,-0.02585369998919903
2618,0.00412892050271224
2619,-0.048346214944806745
2620,-0.003582087872814682
2621,-0.067196610888633
2622,0.048868425275577394
2623,-0.05098947134301292
2624,0.04365879478556707
2625,0.005089674144712085
2626,0.019782053136160122
2627,-0.008844135853045892
2628,0.0003240046365608067
2629,-0.04426516212248467
2630,-0.01618125716244704
2631,-0.0013627358406149521
2632,0.03176540190616109
2633,0.01368582529415491
2634,-0.016366995863612094
2635,0.014629706714780925
2636,0.027978956471093195
2637,0.002394123715161493
2638,0.005252450915598036
2639,-0.009966452589009914
2640,-0.02581740881076813
2641,-0.007050159174454391
2642,0.02764325005030676
2643,-0.009904561532743527
2644,-0.026473039514127602
2645,0.006333236678151526
2646,0.007434362307638797
2647,0.013620831442578845
2648,0.01793474086143033
2649,0.0062557231542558905
2650,-0.009398310152174178
2651,-0.0009994305240070716
2652,-0.030664085806429264
2653,-0.03138828762384019
2654,0.003468873251948297
2655,0.018154469254721566
2656,0.010924987768899075
2657,-0.02089998041953443
2658,0.008481256716486876
2659,-0.024216478830129437
2660,-0.030954248096397477
2661,0.02000680509676399
2662,0.01911624111442899
2663,0.017993523447880144
2664,-0.007159387822748572
2665,0.033600947759728966
2666,0.0015330220981924977
2667,0.00899804155681237
2668,-0.0012045973632332316
2669,0.017842430727941925
2670,-0.018027271659783413
2671,0.020282610393676355
2672,-0.01261243394511228
2673,0.005004763094687495
2674,0.01900917180313077
2675,0.013509605459618594
2676,-0.018902424822952454
2677,0.010266506790486324
2678,0.03492463726679309
2679,0.00033458703851584894
2680,-0.024527593895852313
2681,-0.02653829127859918
2682,0.013602547329350827
2683,0.01817719231415839
2684,-0.005751849476455123
2685,0.006448356718418222
2686,0.013527257658808647
2687,-0.0365454743453079
2688,0.009396890262251543
2689,0.018608011742282805
2690,-0.00904778916720081
2691,0.005764212149637218
2692,-0.01626668788686289
2693,-0.01623914118344786
2694,-0.0019801946220862465
2695,-0.01904116082730427
2696,-0.004580438700583285
2697,-0.02255041713585252
2698,-0.0030571745386997395
2699,0.028886072102525074
2700,0.0033459076989526106
2701,0.04082504526856362
2702,-9.027693767951273e-05
2703,0.00033261980994844884
2704,0.010648193377007
2705,0.00094424052560671
2706,0.003903477710862001
2707,-0.020595978514794538
2708,0.016796365261224556
2709,-0.0136326543397971
2710,-0.008828693207893604
2711,-0.010789561966694065
2712,0.003918408383601959
2713,0.0013563896145256564
2714,-0.010993886749572194
2715,0.029494828434078406
2716,0.001631592340348167
2717,0.004046206137786966
2718,0.008582448761448381
2719,0.0014993857555462026
2720,-0.01120365557349386
2721,0.010075690351404501
2722,-0.003660189570036673
2723,0.01705720273681329
2724,0.0010168715839260433
2725,0.0041305242256936565
2726,-0.0014349350102342323
2727,0.002022094390001295
2728,0.009801522267296386
2729,0.0014277022222880442
2730,0.003175185866860194
2731,-0.0034266833194831563
2732,0.0023336872899647693
2733,0.011834062577129786
2734,0.006401017427554982
2735,0.0003467918862658897
2736,0.0017352661687642852
2737,-0.00029591777745518295
2738,0.009144189371972238
2739,-0.0044166954629624115
2740,-7.914514944496961e-05
2741,-0.0028447983488047693
2742,2.452935087220566e-05
2743,0.008600573507622087
2744,0.0023521338911398583
2745,0.01455672233291086
2746,-0.0009581968682424005
2747,0.0033851594121308546
2748,0.0037581325055967636
2749,0.0021407010183534816
2750,-0.0064202177732199574
2751,0.007489253447998869
2752,-0.0002940561882365432
2753,-0.003841743533733892
2754,0.010764602409575543
2755,0.0030348085318376602
2756,0.0013232814852147455
2757,-0.002763032175363047
2758,0.005239258993218068
2759,0.001732214300739031
2760,0.0028981060431161557
2761,0.0032926065136182313
2762,-0.004666181707384309
2763,0.006557130795268442
2764,-0.002748817105185517
2765,-0.0036429289977391918
2766,-0.015169857048740193
2767,0.006783848603429395
2768,0.009701062795401541
2769,0.004241502865448499
2770,0.0006550849024052457
2771,0.018547856898995404
2772,-0.0008733766858268903
2773,0.006531539552551332
2774,0.0018798659662091284
2775,0.0046636131907501046
2776,-0.0025012249240090414
2777,-0.0013467767427786628
2778,-0.006412654571850256
2779,0.0032766290422423655
2780,0.009220535443509516
2781,-0.002131790966211499
2782,-0.004212567662178492
2783,-0.001904427965592774
2784,0.0036252949390351966
2785,0.007918149686964504
2786,-0.003299541986569546
2787,-0.01046235829629999
2788,-0.0005954316602130697
2789,-0.011996116888217974
2790,-0.01708009394755312
2791,0.005917526562791173
2792,0.01360278803507766
2793,-0.012394908111328278
2794,-0.0011808650276352128
2795,0.014336907213328177
2796,-0.0030575040362181955
2797,-0.00550781791676688
2798,0.000424398991199502
2799,-0.008276830868078119
2800,0.0032299236769472196
2801,0.013828426199728548
2802,0.006838238126333082
2803,0.0022087664567854485
2804,-0.004143363125941059
2805,0.006576815125879245
2806,-0.002880544804547092
2807,-0.007082045737463829
2808,-0.013285236654947578
2809,-0.00015675996637673874
2810,-0.004631960034343229
2811,-0.006792989867251457
2812,0.0013613341325949355
2813,-0.004037017158718602
2814,-0.011213759204379286
2815,-0.006922615813025574
2816,-0.004805428909247707
2817,-0.016043662903700347
2818,-0.009612378402015873
2819,0.015950503232509607
2820,0.000985319465696825
2821,1.540067904169651e-05
2822,0.00028945912713022827
2823,-0.002599033353505899
2824,0.011563170543311796
2825,-0.014731509774728148
2826,-0.0030227007901588716
2827,-0.024744714570868482
2828,-0.0027903260748401767
2829,0.004722038103581196
2830,0.022607458072464507
2831,0.0008246176997543422
2832,0.007401654468454826
2833,-0.007181071701897844
2834,0.006647141667700747
2835,-0.006761566733460814
2836,0.010168577484522604
2837,0.009646302111459719
2838,0.0023205560252949017
2839,0.005855168746277199
2840,-0.001702211278401328
2841,-0.021642790273194847
2842,0.006652507213861659
2843,-0.01657879980157293
2844,0.004292816636828442
2845,0.008880211118031845
2846,-0.002793809409761378
2847,0.02482135977860497
2848,0.0021007328151988005
2849,0.006273015922553325
2850,-0.004194983122877373
2851,-0.009958612566694055
2852,-0.0009486598604111603
2853,-0.008576157744366193
2854,-0.0004918902109099475
2855,-0.0052686003478028464
2856,0.016759780754605998
2857,-0.0023633554639905844
2858,0.006799576993619922
2859,0.00786154424000471
2860,0.0024327904642718924
2861,-0.008827577738631385
2862,-0.009688127258091914
2863,-0.008731041843011012
2864,-0.0008459367262225078
2865,0.015674535923294052
2866,0.01918123870528241
2867,-0.0005499437727539803
2868,-0.005110195356493293
2869,-0.0020150308530132908
2870,-0.006799839735356586
2871,0.019393358425595576
2872,0.0012351648877512848
2873,0.00566306800209743
2874,0.0021207652640713994
2875,0.001291789082613425
2876,0.0020854257326939473
2877,0.0002824327636913078
2878,0.00126030385916187
2879,0.0019088215559800114
2880,0.007908066457297903
2881,0.002346030789292442
2882,0.0010408921942580006
2883,-0.002456004932519736
2884,0.0008684633614189484
2885,-0.007438399374158351
2886,0.006654478467502957
2887,-6.59392857381753e-05
2888,-0.0006322714251652753
2889,0.0013002635755398786
2890,-0.00685508627865619
2891,0.005378642950350551
2892,-0.0043376012679646105
2893,-8.476012391155172e-05
2894,0.020173643686218132
2895,0.005286119993954809
2896,-0.0054545619413202545
2897,0.0031557505634294933
2898,0.0047473449303066725
2899,0.016671832207168006
2900,0.004388682974650667
2901,-0.002474068101618992
2902,-1.0768380778507333e-05
2903,0.0012472685970074352
2904,0.0002534857714916954
2905,-0.0002750846179359331
2906,-0.00018313839871490583
2907,-0.014758322875213621
2908,-0.005867841681343256
2909,0.009453496259579962
2910,-0.0059660823775638284
2911,0.0032512157148808303
2912,0.0001196820609186541
2913,0.0038269776965202734
2914,0.008218782098013832
2915,-1.3419596265653688e-05
2916,-0.0024756925462588544
2917,-0.008655623634703631
2918,-0.006189730829425296
2919,0.000344806576434848
2920,-0.004382078640687569
2921,0.008193703890096313
2922,0.01142580500063613
2923,0.004663064939945253
2924,-0.0010942642189569426
2925,-0.017221294868066766
2926,0.001092397782255802
2927,-0.014352106168634185
2928,-0.002730030623477292
2929,0.0029162457267792596
2930,-0.0009655419147613303
2931,-0.003239361281382954
2932,0.013590213659831162
2933,-0.010492208235465313
2934,0.0019391154155635956
2935,0.007816562142969698
2936,-0.022532009360576803
2937,-0.012391591760018562
2938,-0.0005736667087658591
2939,0.0015184489627876408
2940,-0.004085809162448573
2941,-0.012851510897266829
2942,-0.002561286553411925
2943,0.0038002395122855447
2944,0.020781297524029345
2945,0.00043120382912066244
2946,0.002379938512415253
2947,0.012576199035828827
2948,0.00034814611227458484
2949,-0.005433307159412249
2950,0.008423329350702082
2951,0.005760361066760071
2952,0.0007710345636358063
2953,-0.003814321120607558
2954,-0.0011080554734168796
2955,0.0024385556666547976
2956,0.0036300337351672807
2957,0.0038686723140669353
2958,0.001348793643702205
2959,0.005743295677522623
2960,0.001743654041417003
2961,-0.005763450301044375
2962,-0.0031046223449356725
2963,0.011365351869211952
2964,0.012335155839536382
2965,-0.01331189743573912
2966,0.00559491250871761
2967,-0.008882312471147402
2968,-0.003013480702630147
2969,-0.004518813767441163
2970,-0.0012964771267170547
2971,-0.011785927152349086
2972,0.01724339428071954
2973,0.02405117051385278
2974,-0.0007371607048613688
2975,0.0055044929647644625
2976,-0.0023413177393840604
2977,-0.0018176933232124303
2978,0.003220892857837233
2979,0.008350169877536784
2980,0.001304729252207477
2981,0.00012383667489215236
2982,0.001147941800819909
2983,0.00019766037099253
2984,0.007430919839321846
2985,0.003274055885744801
2986,0.005802661877752719
2987,0.0027652123503709622
2988,0.001144135726310345
2989,0.005752319469441347
2990,0.0008330298900540246
2991,0.004198388218059409
2992,-0.002752440067357456
2993,-0.0019144605238949368
2994,0.01082805544829792
2995,-0.010064760957286473
2996,0.009574497179507254
2997,0.0021280729841157303
2998,-0.00028903364553861796
2999,0.0059039670121874225
3000,0.0006946870435220803
